Goal ID,단계,영역,목표,상세 지시서,결과 문서,선행 Goal
G0-001,Phase 0 - 설계/테스트 정책 확정,설계,설계 산출물 확정,docs/goal-specs/G0-001_설계_산출물_확정.md,docs/test-results/goals/G0-001_design_artifacts_unit_test_results.md,없음
G0-002,Phase 0 - 설계/테스트 정책 확정,테스트,테스트 정책 확정,docs/goal-specs/G0-002_테스트_정책_확정.md,docs/test-results/goals/G0-002_test_policy_unit_test_results.md,G0-001
G0-003,Phase 0 - 설계/테스트 정책 확정,단계 완료 게이트,Phase 1 착수 게이트 검증,docs/goal-specs/G0-003_phase_1_착수_게이트_검증.md,docs/test-results/goals/G0-003_phase1_gate_unit_test_results.md,G0-002
G1A-001,Phase 1 - Unity 대체 기반 구현,런타임,Runtime DTO 모델 고정,docs/goal-specs/G1A-001_runtime_dto_모델_고정.md,docs/test-results/goals/G1A-001_runtime_models_unit_test_results.md,G0-003
G1A-002,Phase 1 - Unity 대체 기반 구현,런타임,Match lifecycle 계약,docs/goal-specs/G1A-002_match_lifecycle_계약.md,docs/test-results/goals/G1A-002_match_lifecycle_unit_test_results.md,G1A-001
G1A-003,Phase 1 - Unity 대체 기반 구현,런타임,Action 입력 결과 계약,docs/goal-specs/G1A-003_action_입력_결과_계약.md,docs/test-results/goals/G1A-003_action_contract_unit_test_results.md,G1A-001
G1A-004,Phase 1 - Unity 대체 기반 구현,런타임,Observation LegalAction 계약,docs/goal-specs/G1A-004_observation_legalaction_계약.md,docs/test-results/goals/G1A-004_observation_legal_action_unit_test_results.md,G1A-001
G1A-005,Phase 1 - Unity 대체 기반 구현,런타임,Runtime aggregate 결과 문서,docs/goal-specs/G1A-005_runtime_aggregate_결과_문서.md,docs/test-results/goals/G1A-005_runtime_aggregate_unit_test_results.md,G1A-002; G1A-003; G1A-004
G1B-001,Phase 1 - Unity 대체 기반 구현,상태/존,Stable ID와 entity registry,docs/goal-specs/G1B-001_stable_id와_entity_registry.md,docs/test-results/goals/G1B-001_stable_ids_unit_test_results.md,G1A-001
G1B-002,Phase 1 - Unity 대체 기반 구현,상태/존,MatchState PlayerState,docs/goal-specs/G1B-002_matchstate_playerstate.md,docs/test-results/goals/G1B-002_match_player_state_unit_test_results.md,G1B-001
G1B-003,Phase 1 - Unity 대체 기반 구현,상태/존,ZoneState,docs/goal-specs/G1B-003_zonestate.md,docs/test-results/goals/G1B-003_zone_state_unit_test_results.md,G1B-002
G1B-004,Phase 1 - Unity 대체 기반 구현,상태/존,CardInstanceState,docs/goal-specs/G1B-004_cardinstancestate.md,docs/test-results/goals/G1B-004_card_instance_state_unit_test_results.md,G1B-003
G1B-005,Phase 1 - Unity 대체 기반 구현,상태/존,ZoneMover,docs/goal-specs/G1B-005_zonemover.md,docs/test-results/goals/G1B-005_zone_mover_unit_test_results.md,G1B-003; G1B-004
G1B-006,Phase 1 - Unity 대체 기반 구현,상태/존,State snapshot fingerprint,docs/goal-specs/G1B-006_state_snapshot_fingerprint.md,docs/test-results/goals/G1B-006_state_snapshot_fingerprint_unit_test_results.md,G1B-005
G1C-001,Phase 1 - Unity 대체 기반 구현,Unity 전역 접근 대체,EngineContext,docs/goal-specs/G1C-001_enginecontext.md,docs/test-results/goals/G1C-001_engine_context_unit_test_results.md,G1A-002
G1C-002,Phase 1 - Unity 대체 기반 구현,Unity 전역 접근 대체,GManagerBridge,docs/goal-specs/G1C-002_gmanagerbridge.md,docs/test-results/goals/G1C-002_gmanager_bridge_unit_test_results.md,G1C-001
G1C-003,Phase 1 - Unity 대체 기반 구현,Unity 전역 접근 대체,ContinuousContext,docs/goal-specs/G1C-003_continuouscontext.md,docs/test-results/goals/G1C-003_continuous_context_unit_test_results.md,G1C-001
G1C-004,Phase 1 - Unity 대체 기반 구현,Unity 전역 접근 대체,Unity-only exclusion policy,docs/goal-specs/G1C-004_unity_only_exclusion_policy.md,docs/test-results/goals/G1C-004_unity_exclusion_policy_unit_test_results.md,G1C-002; G1C-003
G1D-001,Phase 1 - Unity 대체 기반 구현,코루틴 대체,EngineTask contract,docs/goal-specs/G1D-001_enginetask_contract.md,docs/test-results/goals/G1D-001_engine_task_contract_unit_test_results.md,G1A-002
G1D-002,Phase 1 - Unity 대체 기반 구현,코루틴 대체,WaitCondition,docs/goal-specs/G1D-002_waitcondition.md,docs/test-results/goals/G1D-002_wait_condition_unit_test_results.md,G1D-001
G1D-003,Phase 1 - Unity 대체 기반 구현,코루틴 대체,CoroutineAdapter,docs/goal-specs/G1D-003_coroutineadapter.md,docs/test-results/goals/G1D-003_coroutine_adapter_unit_test_results.md,G1D-002
G1D-004,Phase 1 - Unity 대체 기반 구현,코루틴 대체,TaskRunner 안정화,docs/goal-specs/G1D-004_taskrunner_안정화.md,docs/test-results/goals/G1D-004_task_runner_unit_test_results.md,G1D-003
G1E-001,Phase 1 - Unity 대체 기반 구현,선택 처리 대체,Choice schema,docs/goal-specs/G1E-001_choice_schema.md,docs/test-results/goals/G1E-001_choice_schema_unit_test_results.md,G1A-003
G1E-002,Phase 1 - Unity 대체 기반 구현,선택 처리 대체,ChoiceResult validation,docs/goal-specs/G1E-002_choiceresult_validation.md,docs/test-results/goals/G1E-002_choice_result_validation_unit_test_results.md,G1E-001
G1E-003,Phase 1 - Unity 대체 기반 구현,선택 처리 대체,ScriptedChoiceProvider,docs/goal-specs/G1E-003_scriptedchoiceprovider.md,docs/test-results/goals/G1E-003_scripted_choice_provider_unit_test_results.md,G1E-002
G1E-004,Phase 1 - Unity 대체 기반 구현,선택 처리 대체,PolicyChoiceProvider,docs/goal-specs/G1E-004_policychoiceprovider.md,docs/test-results/goals/G1E-004_policy_choice_provider_unit_test_results.md,G1E-002
G1E-005,Phase 1 - Unity 대체 기반 구현,선택 처리 대체,Choice pause resume contract,docs/goal-specs/G1E-005_choice_pause_resume_contract.md,docs/test-results/goals/G1E-005_choice_pause_resume_unit_test_results.md,G1E-003; G1E-004
G1F-001,Phase 1 - Unity 대체 기반 구현,효과 처리,Effect request context schema,docs/goal-specs/G1F-001_effect_request_context_schema.md,docs/test-results/goals/G1F-001_effect_context_schema_unit_test_results.md,G1B-001; G1E-001
G1F-002,Phase 1 - Unity 대체 기반 구현,효과 처리,EffectResolutionQueue,docs/goal-specs/G1F-002_effectresolutionqueue.md,docs/test-results/goals/G1F-002_effect_resolution_queue_unit_test_results.md,G1F-001
G1F-003,Phase 1 - Unity 대체 기반 구현,효과 처리,EffectScheduler,docs/goal-specs/G1F-003_effectscheduler.md,docs/test-results/goals/G1F-003_effect_scheduler_unit_test_results.md,G1F-002; G1E-005
G1F-004,Phase 1 - Unity 대체 기반 구현,효과 처리,TimingWindowResolver contract,docs/goal-specs/G1F-004_timingwindowresolver_contract.md,docs/test-results/goals/G1F-004_timing_window_contract_unit_test_results.md,G1F-003
G1F-005,Phase 1 - Unity 대체 기반 구현,효과 처리,EffectRegistry contract,docs/goal-specs/G1F-005_effectregistry_contract.md,docs/test-results/goals/G1F-005_effect_registry_contract_unit_test_results.md,G1F-001
G1F-006,Phase 1 - Unity 대체 기반 구현,효과 처리,Continuous Replacement query contract,docs/goal-specs/G1F-006_continuous_replacement_query_contract.md,docs/test-results/goals/G1F-006_continuous_replacement_query_unit_test_results.md,G1F-005
G1G-001,Phase 1 - Unity 대체 기반 구현,세션/네트워크 대체,Player session model,docs/goal-specs/G1G-001_player_session_model.md,docs/test-results/goals/G1G-001_player_session_model_unit_test_results.md,G1B-001
G1G-002,Phase 1 - Unity 대체 기반 구현,세션/네트워크 대체,Action queue replay metadata,docs/goal-specs/G1G-002_action_queue_replay_metadata.md,docs/test-results/goals/G1G-002_action_queue_replay_unit_test_results.md,G1G-001; G1A-003
G1G-003,Phase 1 - Unity 대체 기반 구현,세션/네트워크 대체,Photon dependency guard,docs/goal-specs/G1G-003_photon_dependency_guard.md,docs/test-results/goals/G1G-003_photon_dependency_guard_unit_test_results.md,G1G-002
G1H-001,Phase 1 - Unity 대체 기반 구현,데이터 로딩,Card repository contract,docs/goal-specs/G1H-001_card_repository_contract.md,docs/test-results/goals/G1H-001_card_repository_contract_unit_test_results.md,G1B-001
G1H-002,Phase 1 - Unity 대체 기반 구현,데이터 로딩,Card JSON loader,docs/goal-specs/G1H-002_card_json_loader.md,docs/test-results/goals/G1H-002_card_json_loader_unit_test_results.md,G1H-001
G1H-003,Phase 1 - Unity 대체 기반 구현,데이터 로딩,Deck list loader,docs/goal-specs/G1H-003_deck_list_loader.md,docs/test-results/goals/G1H-003_deck_list_loader_unit_test_results.md,G1H-001
G1H-004,Phase 1 - Unity 대체 기반 구현,데이터 로딩,Banlist loader,docs/goal-specs/G1H-004_banlist_loader.md,docs/test-results/goals/G1H-004_banlist_loader_unit_test_results.md,G1H-001
G1H-005,Phase 1 - Unity 대체 기반 구현,데이터 로딩,Unity asset exclusion guard,docs/goal-specs/G1H-005_unity_asset_exclusion_guard.md,docs/test-results/goals/G1H-005_unity_asset_exclusion_guard_unit_test_results.md,G1H-002; G1H-003
G1I-001,Phase 1 - Unity 대체 기반 구현,진단/결정성,Seeded random,docs/goal-specs/G1I-001_seeded_random.md,docs/test-results/goals/G1I-001_seeded_random_unit_test_results.md,G1A-001
G1I-002,Phase 1 - Unity 대체 기반 구현,진단/결정성,EngineTrace,docs/goal-specs/G1I-002_enginetrace.md,docs/test-results/goals/G1I-002_engine_trace_unit_test_results.md,G1A-001
G1I-003,Phase 1 - Unity 대체 기반 구현,진단/결정성,Log sink,docs/goal-specs/G1I-003_log_sink.md,docs/test-results/goals/G1I-003_log_sink_unit_test_results.md,G1I-002
G1I-004,Phase 1 - Unity 대체 기반 구현,진단/결정성,Forbidden dependency scan,docs/goal-specs/G1I-004_forbidden_dependency_scan.md,docs/test-results/goals/G1I-004_forbidden_dependency_scan_unit_test_results.md,G1G-003; G1H-005
G1I-005,Phase 1 - Unity 대체 기반 구현,단계 완료 게이트,Phase 1 aggregate result,docs/goal-specs/G1I-005_phase_1_aggregate_result.md,docs/test-results/goals/G1I-005_phase1_aggregate_unit_test_results.md,G1A-005; G1B-006; G1C-004; G1D-004; G1E-005; G1F-006; G1G-003; G1H-005; G1I-004
G2A-001,Phase 2 - AS-IS 핵심 흐름 포팅,턴/페이즈 흐름,Phase enum과 state mapping 포팅,docs/goal-specs/G2A-001_phase_enum과_state_mapping_포팅.md,docs/test-results/goals/G2A-001_phase_mapping_unit_test_results.md,G1I-005
G2A-002,Phase 2 - AS-IS 핵심 흐름 포팅,턴/페이즈 흐름,매치 setup과 선후공 흐름 포팅,docs/goal-specs/G2A-002_매치_setup과_선후공_흐름_포팅.md,docs/test-results/goals/G2A-002_setup_first_player_unit_test_results.md,G2A-001
G2A-003,Phase 2 - AS-IS 핵심 흐름 포팅,턴/페이즈 흐름,Draw Unsuspend Breeding phase 포팅,docs/goal-specs/G2A-003_draw_unsuspend_breeding_phase_포팅.md,docs/test-results/goals/G2A-003_early_phase_flow_unit_test_results.md,G2A-002
G2A-004,Phase 2 - AS-IS 핵심 흐름 포팅,턴/페이즈 흐름,Main phase와 memory pass 포팅,docs/goal-specs/G2A-004_main_phase와_memory_pass_포팅.md,docs/test-results/goals/G2A-004_main_phase_memory_pass_unit_test_results.md,G2A-003
G2A-005,Phase 2 - AS-IS 핵심 흐름 포팅,턴/페이즈 흐름,End turn cleanup 포팅,docs/goal-specs/G2A-005_end_turn_cleanup_포팅.md,docs/test-results/goals/G2A-005_end_turn_cleanup_unit_test_results.md,G2A-004
G2A-006,Phase 2 - AS-IS 핵심 흐름 포팅,턴/페이즈 흐름,Legal action dispatch hook 포팅,docs/goal-specs/G2A-006_legal_action_dispatch_hook_포팅.md,docs/test-results/goals/G2A-006_legal_action_dispatch_unit_test_results.md,G2A-005
G2B-001,Phase 2 - AS-IS 핵심 흐름 포팅,게임 컨텍스트,GameContext state accessor 포팅,docs/goal-specs/G2B-001_gamecontext_state_accessor_포팅.md,docs/test-results/goals/G2B-001_gamecontext_state_accessor_unit_test_results.md,G2A-002
G2B-002,Phase 2 - AS-IS 핵심 흐름 포팅,게임 컨텍스트,Visibility view 포팅,docs/goal-specs/G2B-002_visibility_view_포팅.md,docs/test-results/goals/G2B-002_visibility_view_unit_test_results.md,G2B-001
G2C-001,Phase 2 - AS-IS 핵심 흐름 포팅,플레이어 상태,Player zone ownership 포팅,docs/goal-specs/G2C-001_player_zone_ownership_포팅.md,docs/test-results/goals/G2C-001_player_zone_ownership_unit_test_results.md,G2B-001
G2C-002,Phase 2 - AS-IS 핵심 흐름 포팅,플레이어 상태,Memory security deck loss check 포팅,docs/goal-specs/G2C-002_memory_security_deck_loss_check_포팅.md,docs/test-results/goals/G2C-002_player_terminal_checks_unit_test_results.md,G2C-001
G2D-001,Phase 2 - AS-IS 핵심 흐름 포팅,카드 컨트롤러,Card identity binding 포팅,docs/goal-specs/G2D-001_card_identity_binding_포팅.md,docs/test-results/goals/G2D-001_card_identity_binding_unit_test_results.md,G2C-001
G2D-002,Phase 2 - AS-IS 핵심 흐름 포팅,카드 컨트롤러,Zone movement event 포팅,docs/goal-specs/G2D-002_zone_movement_event_포팅.md,docs/test-results/goals/G2D-002_card_zone_movement_unit_test_results.md,G2D-001
G2D-003,Phase 2 - AS-IS 핵심 흐름 포팅,카드 컨트롤러,Suspend reveal state 포팅,docs/goal-specs/G2D-003_suspend_reveal_state_포팅.md,docs/test-results/goals/G2D-003_card_suspend_reveal_unit_test_results.md,G2D-002
G2D-004,Phase 2 - AS-IS 핵심 흐름 포팅,카드 컨트롤러,Digivolution source attach 포팅,docs/goal-specs/G2D-004_digivolution_source_attach_포팅.md,docs/test-results/goals/G2D-004_digivolution_source_attach_unit_test_results.md,G2D-003
G2E-001,Phase 2 - AS-IS 핵심 흐름 포팅,메인 페이즈 액션,PlayCardAction 포팅,docs/goal-specs/G2E-001_playcardaction_포팅.md,docs/test-results/goals/G2E-001_play_card_action_unit_test_results.md,G2A-006; G2D-002
G2E-002,Phase 2 - AS-IS 핵심 흐름 포팅,메인 페이즈 액션,Digivolve action 포팅,docs/goal-specs/G2E-002_digivolve_action_포팅.md,docs/test-results/goals/G2E-002_digivolve_action_unit_test_results.md,G2E-001; G2D-004
G2E-003,Phase 2 - AS-IS 핵심 흐름 포팅,메인 페이즈 액션,Option activate action 포팅,docs/goal-specs/G2E-003_option_activate_action_포팅.md,docs/test-results/goals/G2E-003_option_activate_action_unit_test_results.md,G2E-001
G2E-004,Phase 2 - AS-IS 핵심 흐름 포팅,메인 페이즈 액션,Attack action 연결 포팅,docs/goal-specs/G2E-004_attack_action_연결_포팅.md,docs/test-results/goals/G2E-004_attack_action_dispatch_unit_test_results.md,G2A-006
G2E-005,Phase 2 - AS-IS 핵심 흐름 포팅,메인 페이즈 액션,Pass와 Cheat guard 포팅,docs/goal-specs/G2E-005_pass와_cheat_guard_포팅.md,docs/test-results/goals/G2E-005_pass_cheat_guard_unit_test_results.md,G2E-001
G2F-001,Phase 2 - AS-IS 핵심 흐름 포팅,자동 효과 처리,Trigger event collection 포팅,docs/goal-specs/G2F-001_trigger_event_collection_포팅.md,docs/test-results/goals/G2F-001_trigger_collection_unit_test_results.md,G2A-006; G1F-006
G2F-002,Phase 2 - AS-IS 핵심 흐름 포팅,자동 효과 처리,Mandatory effect ordering 포팅,docs/goal-specs/G2F-002_mandatory_effect_ordering_포팅.md,docs/test-results/goals/G2F-002_mandatory_effect_order_unit_test_results.md,G2F-001
G2F-003,Phase 2 - AS-IS 핵심 흐름 포팅,자동 효과 처리,Optional prompt queue 포팅,docs/goal-specs/G2F-003_optional_prompt_queue_포팅.md,docs/test-results/goals/G2F-003_optional_prompt_queue_unit_test_results.md,G2F-002; G1E-005
G2F-004,Phase 2 - AS-IS 핵심 흐름 포팅,자동 효과 처리,Security delayed trigger hook 포팅,docs/goal-specs/G2F-004_security_delayed_trigger_hook_포팅.md,docs/test-results/goals/G2F-004_security_delayed_trigger_hook_unit_test_results.md,G2F-003
G2G-001,Phase 2 - AS-IS 핵심 흐름 포팅,공격/배틀 처리,Attack declaration target 포팅,docs/goal-specs/G2G-001_attack_declaration_target_포팅.md,docs/test-results/goals/G2G-001_attack_declaration_targets_unit_test_results.md,G2E-004
G2G-002,Phase 2 - AS-IS 핵심 흐름 포팅,공격/배틀 처리,Block timing 포팅,docs/goal-specs/G2G-002_block_timing_포팅.md,docs/test-results/goals/G2G-002_block_timing_unit_test_results.md,G2G-001; G1E-005
G2G-003,Phase 2 - AS-IS 핵심 흐름 포팅,공격/배틀 처리,Battle DP deletion 포팅,docs/goal-specs/G2G-003_battle_dp_deletion_포팅.md,docs/test-results/goals/G2G-003_battle_dp_deletion_unit_test_results.md,G2G-002
G2G-004,Phase 2 - AS-IS 핵심 흐름 포팅,공격/배틀 처리,Security check 포팅,docs/goal-specs/G2G-004_security_check_포팅.md,docs/test-results/goals/G2G-004_security_check_unit_test_results.md,G2G-003
G2G-005,Phase 2 - AS-IS 핵심 흐름 포팅,공격/배틀 처리,End attack trigger 포팅,docs/goal-specs/G2G-005_end_attack_trigger_포팅.md,docs/test-results/goals/G2G-005_end_attack_trigger_unit_test_results.md,G2G-004; G2F-001
G2Z-001,Phase 2 - AS-IS 핵심 흐름 포팅,단계 완료 게이트,Phase 2 aggregate result,docs/goal-specs/G2Z-001_phase_2_aggregate_result.md,docs/test-results/goals/G2Z-001_phase2_aggregate_unit_test_results.md,G2A-006; G2B-002; G2C-002; G2D-004; G2E-005; G2F-004; G2G-005
G3A-001,Phase 3 - 공통 룰/효과 인프라 포팅,효과 계약,ICardEffect contract 포팅,docs/goal-specs/G3A-001_icardeffect_contract_포팅.md,docs/test-results/goals/G3A-001_icard_effect_contract_unit_test_results.md,G2Z-001
G3A-002,Phase 3 - 공통 룰/효과 인프라 포팅,효과 계약,SkillInfo 포팅,docs/goal-specs/G3A-002_skillinfo_포팅.md,docs/test-results/goals/G3A-002_skill_info_unit_test_results.md,G3A-001
G3B-001,Phase 3 - 공통 룰/효과 인프라 포팅,효과 컨텍스트,Hashtable 제거 adapter 포팅,docs/goal-specs/G3B-001_hashtable_제거_adapter_포팅.md,docs/test-results/goals/G3B-001_hashtable_replacement_adapter_unit_test_results.md,G3A-002
G3C-001,Phase 3 - 공통 룰/효과 인프라 포팅,조건 처리,Trigger condition helper 포팅,docs/goal-specs/G3C-001_trigger_condition_helper_포팅.md,docs/test-results/goals/G3C-001_trigger_condition_helpers_unit_test_results.md,G3B-001
G3C-002,Phase 3 - 공통 룰/효과 인프라 포팅,조건 처리,CanUseEffects helper 포팅,docs/goal-specs/G3C-002_canuseeffects_helper_포팅.md,docs/test-results/goals/G3C-002_can_use_effect_helpers_unit_test_results.md,G3C-001
G3D-001,Phase 3 - 공통 룰/효과 인프라 포팅,요구사항 처리,MinMax DP Cost Level helper 포팅,docs/goal-specs/G3D-001_minmax_dp_cost_level_helper_포팅.md,docs/test-results/goals/G3D-001_minmax_dp_cost_level_unit_test_results.md,G3C-002
G3D-002,Phase 3 - 공통 룰/효과 인프라 포팅,요구사항 처리,Name color trait requirement 포팅,docs/goal-specs/G3D-002_name_color_trait_requirement_포팅.md,docs/test-results/goals/G3D-002_name_color_trait_requirements_unit_test_results.md,G3D-001
G3E-001,Phase 3 - 공통 룰/효과 인프라 포팅,비용 처리,Play cost helper 포팅,docs/goal-specs/G3E-001_play_cost_helper_포팅.md,docs/test-results/goals/G3E-001_play_cost_helper_unit_test_results.md,G3D-002
G3E-002,Phase 3 - 공통 룰/효과 인프라 포팅,비용 처리,Digivolution cost helper 포팅,docs/goal-specs/G3E-002_digivolution_cost_helper_포팅.md,docs/test-results/goals/G3E-002_digivolution_cost_helper_unit_test_results.md,G3E-001
G3F-001,Phase 3 - 공통 룰/효과 인프라 포팅,대상/존 조회,Target filtering helper 포팅,docs/goal-specs/G3F-001_target_filtering_helper_포팅.md,docs/test-results/goals/G3F-001_target_filtering_helpers_unit_test_results.md,G3D-002
G3F-002,Phase 3 - 공통 룰/효과 인프라 포팅,대상/존 조회,Zone query helper 포팅,docs/goal-specs/G3F-002_zone_query_helper_포팅.md,docs/test-results/goals/G3F-002_zone_query_helpers_unit_test_results.md,G3F-001
G3G-001,Phase 3 - 공통 룰/효과 인프라 포팅,키워드 효과,Keyword base batch 1 포팅,docs/goal-specs/G3G-001_keyword_base_batch_1_포팅.md,docs/test-results/goals/G3G-001_keyword_base_batch1_unit_test_results.md,G3F-002
G3G-002,Phase 3 - 공통 룰/효과 인프라 포팅,키워드 효과,Keyword base batch 2 포팅,docs/goal-specs/G3G-002_keyword_base_batch_2_포팅.md,docs/test-results/goals/G3G-002_keyword_base_batch2_unit_test_results.md,G3G-001
G3H-001,Phase 3 - 공통 룰/효과 인프라 포팅,수치/비용 변경,DP cost security attack modifier helper 포팅,docs/goal-specs/G3H-001_dp_cost_security_attack_modifier_helper_포팅.md,docs/test-results/goals/G3H-001_modifier_helpers_unit_test_results.md,G3E-002
G3H-002,Phase 3 - 공통 룰/효과 인프라 포팅,제한/불가 효과,Cannot restriction helper 포팅,docs/goal-specs/G3H-002_cannot_restriction_helper_포팅.md,docs/test-results/goals/G3H-002_cannot_restriction_helpers_unit_test_results.md,G3H-001
G3I-001,Phase 3 - 공통 룰/효과 인프라 포팅,대체 효과,Replacement prevention helper 포팅,docs/goal-specs/G3I-001_replacement_prevention_helper_포팅.md,docs/test-results/goals/G3I-001_replacement_prevention_helpers_unit_test_results.md,G3H-002
G3I-002,Phase 3 - 공통 룰/효과 인프라 포팅,상시 효과,Continuous effect evaluator 포팅,docs/goal-specs/G3I-002_continuous_effect_evaluator_포팅.md,docs/test-results/goals/G3I-002_continuous_effect_evaluator_unit_test_results.md,G3I-001
G3J-001,Phase 3 - 공통 룰/효과 인프라 포팅,효과 팩토리,CardEffectFactory binding 포팅,docs/goal-specs/G3J-001_cardeffectfactory_binding_포팅.md,docs/test-results/goals/G3J-001_card_effect_factory_binding_unit_test_results.md,G3I-002
G3J-002,Phase 3 - 공통 룰/효과 인프라 포팅,효과 팩토리,PermanentEffectFactory binding 포팅,docs/goal-specs/G3J-002_permanenteffectfactory_binding_포팅.md,docs/test-results/goals/G3J-002_permanent_effect_factory_binding_unit_test_results.md,G3J-001
G3K-001,Phase 3 - 공통 룰/효과 인프라 포팅,효과 선택,Effect selection helper 포팅,docs/goal-specs/G3K-001_effect_selection_helper_포팅.md,docs/test-results/goals/G3K-001_effect_selection_helpers_unit_test_results.md,G3J-002; G1E-005
G3K-002,Phase 3 - 공통 룰/효과 인프라 포팅,타이밍/우선순위,Timing priority helper 포팅,docs/goal-specs/G3K-002_timing_priority_helper_포팅.md,docs/test-results/goals/G3K-002_timing_priority_helpers_unit_test_results.md,G3K-001
G3L-001,Phase 3 - 공통 룰/효과 인프라 포팅,턴 제한 플래그,Once per turn flag helper 포팅,docs/goal-specs/G3L-001_once_per_turn_flag_helper_포팅.md,docs/test-results/goals/G3L-001_once_per_turn_flags_unit_test_results.md,G3K-002
G3L-002,Phase 3 - 공통 룰/효과 인프라 포팅,진화원/부여/시큐리티 효과,Inherited granted security helper 포팅,docs/goal-specs/G3L-002_inherited_granted_security_helper_포팅.md,docs/test-results/goals/G3L-002_inherited_granted_security_helpers_unit_test_results.md,G3L-001
G3Z-001,Phase 3 - 공통 룰/효과 인프라 포팅,단계 완료 게이트,Phase 3 aggregate result,docs/goal-specs/G3Z-001_phase_3_aggregate_result.md,docs/test-results/goals/G3Z-001_phase3_aggregate_unit_test_results.md,G3L-002
G4A-001,Phase 4 - 개별 카드 효과와 카드풀 포팅,카드풀,Card pool schema validation,docs/goal-specs/G4A-001_card_pool_schema_validation.md,docs/test-results/goals/G4A-001_card_pool_schema_validation_unit_test_results.md,G3Z-001
G4A-002,Phase 4 - 개별 카드 효과와 카드풀 포팅,카드풀,Effect binding coverage,docs/goal-specs/G4A-002_effect_binding_coverage.md,docs/test-results/goals/G4A-002_effect_binding_coverage_unit_test_results.md,G4A-001
G4A-003,Phase 4 - 개별 카드 효과와 카드풀 포팅,카드풀,Missing behavior report,docs/goal-specs/G4A-003_missing_behavior_report.md,docs/test-results/goals/G4A-003_missing_behavior_report_unit_test_results.md,G4A-002
G4B-001,Phase 4 - 개별 카드 효과와 카드풀 포팅,키워드 효과,Blocker Jamming Reboot Piercing 포팅,docs/goal-specs/G4B-001_blocker_jamming_reboot_piercing_포팅.md,docs/test-results/goals/G4B-001_keyword_combat_batch1_unit_test_results.md,G4A-002
G4B-002,Phase 4 - 개별 카드 효과와 카드풀 포팅,키워드 효과,Rush Blitz Retaliation ArmorPurge 포팅,docs/goal-specs/G4B-002_rush_blitz_retaliation_armorpurge_포팅.md,docs/test-results/goals/G4B-002_keyword_combat_batch2_unit_test_results.md,G4B-001
G4B-003,Phase 4 - 개별 카드 효과와 카드풀 포팅,키워드 효과,Barrier Decoy Save MaterialSave 포팅,docs/goal-specs/G4B-003_barrier_decoy_save_materialsave_포팅.md,docs/test-results/goals/G4B-003_keyword_protection_batch_unit_test_results.md,G4B-002
G4B-004,Phase 4 - 개별 카드 효과와 카드풀 포팅,키워드 효과,Alliance Raid Collision Partition 포팅,docs/goal-specs/G4B-004_alliance_raid_collision_partition_포팅.md,docs/test-results/goals/G4B-004_keyword_attack_variant_batch_unit_test_results.md,G4B-003
G4B-005,Phase 4 - 개별 카드 효과와 카드풀 포팅,키워드 효과,Overclock Decode Link 계열 포팅,docs/goal-specs/G4B-005_overclock_decode_link_계열_포팅.md,docs/test-results/goals/G4B-005_keyword_special_batch_unit_test_results.md,G4B-004
G4C-001,Phase 4 - 개별 카드 효과와 카드풀 포팅,트리거 효과,OnPlay OnDigivolve trigger 포팅,docs/goal-specs/G4C-001_onplay_ondigivolve_trigger_포팅.md,docs/test-results/goals/G4C-001_onplay_ondigivolve_triggers_unit_test_results.md,G4A-002
G4C-002,Phase 4 - 개별 카드 효과와 카드풀 포팅,트리거 효과,WhenAttacking EndAttack trigger 포팅,docs/goal-specs/G4C-002_whenattacking_endattack_trigger_포팅.md,docs/test-results/goals/G4C-002_attack_triggers_unit_test_results.md,G4C-001
G4C-003,Phase 4 - 개별 카드 효과와 카드풀 포팅,트리거 효과,Deletion Trash Move trigger 포팅,docs/goal-specs/G4C-003_deletion_trash_move_trigger_포팅.md,docs/test-results/goals/G4C-003_delete_trash_move_triggers_unit_test_results.md,G4C-002
G4C-004,Phase 4 - 개별 카드 효과와 카드풀 포팅,트리거 효과,Security trigger 포팅,docs/goal-specs/G4C-004_security_trigger_포팅.md,docs/test-results/goals/G4C-004_security_triggers_unit_test_results.md,G4C-003
G4C-005,Phase 4 - 개별 카드 효과와 카드풀 포팅,트리거 효과,OptionUse Suspend Link trigger 포팅,docs/goal-specs/G4C-005_optionuse_suspend_link_trigger_포팅.md,docs/test-results/goals/G4C-005_option_suspend_link_triggers_unit_test_results.md,G4C-004
G4D-001,Phase 4 - 개별 카드 효과와 카드풀 포팅,수치/비용 변경,DP Cost SAttack modifiers 포팅,docs/goal-specs/G4D-001_dp_cost_sattack_modifiers_포팅.md,docs/test-results/goals/G4D-001_dp_cost_sattack_modifiers_unit_test_results.md,G4C-005
G4D-002,Phase 4 - 개별 카드 효과와 카드풀 포팅,제한/불가 효과,Cannot and immunity effects 포팅,docs/goal-specs/G4D-002_cannot_and_immunity_effects_포팅.md,docs/test-results/goals/G4D-002_cannot_immunity_effects_unit_test_results.md,G4D-001
G4D-003,Phase 4 - 개별 카드 효과와 카드풀 포팅,디지볼브 관련,Digivolution requirement effects 포팅,docs/goal-specs/G4D-003_digivolution_requirement_effects_포팅.md,docs/test-results/goals/G4D-003_digivolution_requirement_effects_unit_test_results.md,G4D-002
G4D-004,Phase 4 - 개별 카드 효과와 카드풀 포팅,진화원 조작,Source add trash reveal effects 포팅,docs/goal-specs/G4D-004_source_add_trash_reveal_effects_포팅.md,docs/test-results/goals/G4D-004_source_manipulation_effects_unit_test_results.md,G4D-003
G4E-001,Phase 4 - 개별 카드 효과와 카드풀 포팅,카드별 효과,AD1 card-specific batch 포팅,docs/goal-specs/G4E-001_ad1_card_specific_batch_포팅.md,docs/test-results/goals/G4E-001_ad1_card_effect_batch_unit_test_results.md,G4D-004
G4E-002,Phase 4 - 개별 카드 효과와 카드풀 포팅,카드별 효과,BT card-specific batch 포팅,docs/goal-specs/G4E-002_bt_card_specific_batch_포팅.md,docs/test-results/goals/G4E-002_bt_card_effect_batch_unit_test_results.md,G4E-001
G4E-003,Phase 4 - 개별 카드 효과와 카드풀 포팅,카드별 효과,EX card-specific batch 포팅,docs/goal-specs/G4E-003_ex_card_specific_batch_포팅.md,docs/test-results/goals/G4E-003_ex_card_effect_batch_unit_test_results.md,G4E-002
G4E-004,Phase 4 - 개별 카드 효과와 카드풀 포팅,카드별 효과,LM P ST card-specific batch 포팅,docs/goal-specs/G4E-004_lm_p_st_card_specific_batch_포팅.md,docs/test-results/goals/G4E-004_lm_p_st_card_effect_batch_unit_test_results.md,G4E-003
G4E-005,Phase 4 - 개별 카드 효과와 카드풀 포팅,카드별 효과,Token and special cards batch 포팅,docs/goal-specs/G4E-005_token_and_special_cards_batch_포팅.md,docs/test-results/goals/G4E-005_token_special_card_effect_batch_unit_test_results.md,G4E-004
G4F-001,Phase 4 - 개별 카드 효과와 카드풀 포팅,선택 처리 대체,Card effect choice integration,docs/goal-specs/G4F-001_card_effect_choice_integration.md,docs/test-results/goals/G4F-001_card_effect_choice_integration_unit_test_results.md,G4E-005; G1E-005
G4F-002,Phase 4 - 개별 카드 효과와 카드풀 포팅,효과 순서,Card effect ordering integration,docs/goal-specs/G4F-002_card_effect_ordering_integration.md,docs/test-results/goals/G4F-002_card_effect_ordering_integration_unit_test_results.md,G4F-001
G4G-001,Phase 4 - 개별 카드 효과와 카드풀 포팅,데이터-동작 연결,Card text to behavior audit,docs/goal-specs/G4G-001_card_text_to_behavior_audit.md,docs/test-results/goals/G4G-001_card_text_behavior_audit_unit_test_results.md,G4F-002
G4G-002,Phase 4 - 개별 카드 효과와 카드풀 포팅,커버리지,Card pool coverage threshold,docs/goal-specs/G4G-002_card_pool_coverage_threshold.md,docs/test-results/goals/G4G-002_card_pool_coverage_threshold_unit_test_results.md,G4G-001
G4Z-001,Phase 4 - 개별 카드 효과와 카드풀 포팅,단계 완료 게이트,Phase 4 aggregate result,docs/goal-specs/G4Z-001_phase_4_aggregate_result.md,docs/test-results/goals/G4Z-001_phase4_aggregate_unit_test_results.md,G4G-002
G5A-001,Phase 5 - AI/RL 어댑터,관측값,Observation schema 확정,docs/goal-specs/G5A-001_observation_schema_확정.md,docs/test-results/goals/G5A-001_observation_schema_unit_test_results.md,G4Z-001
G5A-002,Phase 5 - AI/RL 어댑터,관측값,Hidden information masking,docs/goal-specs/G5A-002_hidden_information_masking.md,docs/test-results/goals/G5A-002_hidden_information_masking_unit_test_results.md,G5A-001
G5A-003,Phase 5 - AI/RL 어댑터,관측값,Vector schema normalization,docs/goal-specs/G5A-003_vector_schema_normalization.md,docs/test-results/goals/G5A-003_vector_schema_normalization_unit_test_results.md,G5A-002
G5B-001,Phase 5 - AI/RL 어댑터,액션 인코딩,Legal action mask,docs/goal-specs/G5B-001_legal_action_mask.md,docs/test-results/goals/G5B-001_legal_action_mask_unit_test_results.md,G5A-003
G5B-002,Phase 5 - AI/RL 어댑터,액션 인코딩,Action encode decode,docs/goal-specs/G5B-002_action_encode_decode.md,docs/test-results/goals/G5B-002_action_encode_decode_unit_test_results.md,G5B-001
G5B-003,Phase 5 - AI/RL 어댑터,액션 인코딩,Invalid action handling,docs/goal-specs/G5B-003_invalid_action_handling.md,docs/test-results/goals/G5B-003_invalid_action_handling_unit_test_results.md,G5B-002
G5C-001,Phase 5 - AI/RL 어댑터,보상,Terminal reward,docs/goal-specs/G5C-001_terminal_reward.md,docs/test-results/goals/G5C-001_terminal_reward_unit_test_results.md,G5B-003
G5C-002,Phase 5 - AI/RL 어댑터,보상,Shaping reward config,docs/goal-specs/G5C-002_shaping_reward_config.md,docs/test-results/goals/G5C-002_shaping_reward_config_unit_test_results.md,G5C-001
G5D-001,Phase 5 - AI/RL 어댑터,RL 환경,RL environment reset,docs/goal-specs/G5D-001_rl_environment_reset.md,docs/test-results/goals/G5D-001_rl_environment_reset_unit_test_results.md,G5C-002
G5D-002,Phase 5 - AI/RL 어댑터,RL 환경,RL environment step,docs/goal-specs/G5D-002_rl_environment_step.md,docs/test-results/goals/G5D-002_rl_environment_step_unit_test_results.md,G5D-001
G5E-001,Phase 5 - AI/RL 어댑터,정책 실행,Scripted policy runner,docs/goal-specs/G5E-001_scripted_policy_runner.md,docs/test-results/goals/G5E-001_scripted_policy_runner_unit_test_results.md,G5D-002
G5E-002,Phase 5 - AI/RL 어댑터,정책 실행,Self-play policy runner,docs/goal-specs/G5E-002_self_play_policy_runner.md,docs/test-results/goals/G5E-002_self_play_policy_runner_unit_test_results.md,G5E-001
G5F-001,Phase 5 - AI/RL 어댑터,배치 실행,Batch episode runner,docs/goal-specs/G5F-001_batch_episode_runner.md,docs/test-results/goals/G5F-001_batch_episode_runner_unit_test_results.md,G5E-002
G5F-002,Phase 5 - AI/RL 어댑터,배치 실행,Parallel determinism verifier,docs/goal-specs/G5F-002_parallel_determinism_verifier.md,docs/test-results/goals/G5F-002_parallel_determinism_verifier_unit_test_results.md,G5F-001
G5G-001,Phase 5 - AI/RL 어댑터,학습 데이터셋,Transition dataset model,docs/goal-specs/G5G-001_transition_dataset_model.md,docs/test-results/goals/G5G-001_transition_dataset_model_unit_test_results.md,G5F-002
G5G-002,Phase 5 - AI/RL 어댑터,학습 데이터셋,JSONL export validation,docs/goal-specs/G5G-002_jsonl_export_validation.md,docs/test-results/goals/G5G-002_jsonl_export_validation_unit_test_results.md,G5G-001
G5Z-001,Phase 5 - AI/RL 어댑터,단계 완료 게이트,Phase 5 aggregate result,docs/goal-specs/G5Z-001_phase_5_aggregate_result.md,docs/test-results/goals/G5Z-001_phase5_aggregate_unit_test_results.md,G5G-002
G6A-001,Phase 6 - Parity/Regression 검증,시나리오,Scenario data model,docs/goal-specs/G6A-001_scenario_data_model.md,docs/test-results/goals/G6A-001_scenario_data_model_unit_test_results.md,G5Z-001
G6A-002,Phase 6 - Parity/Regression 검증,시나리오,Scenario runner,docs/goal-specs/G6A-002_scenario_runner.md,docs/test-results/goals/G6A-002_scenario_runner_unit_test_results.md,G6A-001
G6B-001,Phase 6 - Parity/Regression 검증,리플레이,Replay export import,docs/goal-specs/G6B-001_replay_export_import.md,docs/test-results/goals/G6B-001_replay_export_import_unit_test_results.md,G6A-002
G6B-002,Phase 6 - Parity/Regression 검증,리플레이,Golden trace comparison,docs/goal-specs/G6B-002_golden_trace_comparison.md,docs/test-results/goals/G6B-002_golden_trace_comparison_unit_test_results.md,G6B-001
G6B-003,Phase 6 - Parity/Regression 검증,리플레이,Deterministic fingerprint gate,docs/goal-specs/G6B-003_deterministic_fingerprint_gate.md,docs/test-results/goals/G6B-003_deterministic_fingerprint_gate_unit_test_results.md,G6B-002
G6C-001,Phase 6 - Parity/Regression 검증,AS-IS 비교,AS-IS parity harness,docs/goal-specs/G6C-001_as_is_parity_harness.md,docs/test-results/goals/G6C-001_asis_parity_harness_unit_test_results.md,G6B-003
G6C-002,Phase 6 - Parity/Regression 검증,AS-IS 비교,Setup parity scenarios,docs/goal-specs/G6C-002_setup_parity_scenarios.md,docs/test-results/goals/G6C-002_setup_parity_scenarios_unit_test_results.md,G6C-001
G6C-003,Phase 6 - Parity/Regression 검증,AS-IS 비교,Phase memory parity scenarios,docs/goal-specs/G6C-003_phase_memory_parity_scenarios.md,docs/test-results/goals/G6C-003_phase_memory_parity_scenarios_unit_test_results.md,G6C-002
G6C-004,Phase 6 - Parity/Regression 검증,AS-IS 비교,Movement parity scenarios,docs/goal-specs/G6C-004_movement_parity_scenarios.md,docs/test-results/goals/G6C-004_movement_parity_scenarios_unit_test_results.md,G6C-003
G6C-005,Phase 6 - Parity/Regression 검증,AS-IS 비교,Main action parity scenarios,docs/goal-specs/G6C-005_main_action_parity_scenarios.md,docs/test-results/goals/G6C-005_main_action_parity_scenarios_unit_test_results.md,G6C-004
G6C-006,Phase 6 - Parity/Regression 검증,AS-IS 비교,Combat parity scenarios,docs/goal-specs/G6C-006_combat_parity_scenarios.md,docs/test-results/goals/G6C-006_combat_parity_scenarios_unit_test_results.md,G6C-005
G6C-007,Phase 6 - Parity/Regression 검증,AS-IS 비교,Security parity scenarios,docs/goal-specs/G6C-007_security_parity_scenarios.md,docs/test-results/goals/G6C-007_security_parity_scenarios_unit_test_results.md,G6C-006
G6C-008,Phase 6 - Parity/Regression 검증,AS-IS 비교,Representative effect parity scenarios,docs/goal-specs/G6C-008_representative_effect_parity_scenarios.md,docs/test-results/goals/G6C-008_representative_effect_parity_scenarios_unit_test_results.md,G6C-007
G6D-001,Phase 6 - Parity/Regression 검증,커버리지,Card pool coverage report,docs/goal-specs/G6D-001_card_pool_coverage_report.md,docs/test-results/goals/G6D-001_card_pool_coverage_report_unit_test_results.md,G6C-008
G6D-002,Phase 6 - Parity/Regression 검증,회귀 테스트,Regression suite assembly,docs/goal-specs/G6D-002_regression_suite_assembly.md,docs/test-results/goals/G6D-002_regression_suite_assembly_unit_test_results.md,G6D-001
G6D-003,Phase 6 - Parity/Regression 검증,회귀 테스트,Regression result document,docs/goal-specs/G6D-003_regression_result_document.md,docs/test-results/goals/G6D-003_regression_result_document_unit_test_results.md,G6D-002
G6E-001,Phase 6 - Parity/Regression 검증,성능 측정,Episode throughput benchmark,docs/goal-specs/G6E-001_episode_throughput_benchmark.md,docs/test-results/goals/G6E-001_episode_throughput_benchmark_results.md,G6D-003
G6Z-001,Phase 6 - Parity/Regression 검증,단계 완료 게이트,Final completion report,docs/goal-specs/G6Z-001_final_completion_report.md,docs/test-results/goals/G6Z-001_final_completion_report.md,G6E-001
